Filename	biolink	Term	TaggedAs	Ontology	S-Type	CUI
stopWords	biolink:ChemicalSubstance	t	thymidine	CHEBI:17748	S1	CUI-less
stopWords	biolink:ChemicalSubstance	t	top quark	CHEBI:36371	S1	CUI-less
stopWords	biolink:ChemicalSubstance	t	ribothymidine	CHEBI:45996	S1	CUI-less
stopWords	biolink:ChemicalSubstance	t	tritide	CHEBI:29302	S1	CUI-less
stopWords	biolink:ChemicalSubstance	t	tritium atom	CHEBI:29238	S1	CUI-less
stopWords	biolink:ChemicalSubstance	t	L-threonine	CHEBI:16857	S1	CUI-less
stopWords	biolink:ChemicalSubstance	t	L-threonine residue	CHEBI:30013	S1	CUI-less
stopWords	biolink:ChemicalSubstance	t	tritium(.)	CHEBI:29304	S1	CUI-less
stopWords	biolink:ChemicalSubstance	t	triton	CHEBI:29234	S1	CUI-less
stopWords	biolink:ChemicalSubstance	t	thymine	CHEBI:17821	S1	CUI-less
stopWords	biolink:OrganismalEntity	all	root	NCBITaxon:1	S1	CUI-less
stopWords	biolink:ChemicalSubstance	all	allose	CHEBI:37690	S1	CUI-less
stopWords	biolink:ChemicalSubstance	am	Ala-Met	CHEBI:73806	S1	CUI-less
stopWords	biolink:ChemicalSubstance	am	americium atom	CHEBI:33389	S1	CUI-less
stopWords	biolink:ChemicalSubstance	an	radon-219 atom	CHEBI:33493	S1	CUI-less
stopWords	biolink:ChemicalSubstance	an	actinoid atom	CHEBI:33320	S1	CUI-less
stopWords	biolink:ChemicalSubstance	an	Ala-Asn	CHEBI:73330	S1	CUI-less
stopWords	biolink:ChemicalSubstance	as	Ala-Ser	CHEBI:73394	S1	CUI-less
stopWords	biolink:ChemicalSubstance	as	arsenic atom	CHEBI:27563	S1	CUI-less
stopWords	biolink:ChemicalSubstance	as	artesunate	CHEBI:63918	S1	CUI-less
stopWords	biolink:ChemicalSubstance	as	arsane	CHEBI:47217	S1	CUI-less
stopWords	biolink:ChemicalSubstance	as	arsanetriyl group	CHEBI:29766	S1	CUI-less
stopWords	biolink:ChemicalSubstance	a	hydrogen acceptor	CHEBI:13193	S1	CUI-less
stopWords	biolink:ChemicalSubstance	a	alanine	CHEBI:16449	S1	CUI-less
stopWords	biolink:ChemicalSubstance	a	adenosine residue	CHEBI:62885	S1	CUI-less
stopWords	biolink:ChemicalSubstance	a	adenosine 5'-monophosphate residue	CHEBI:50306	S1	CUI-less
stopWords	biolink:ChemicalSubstance	a	adenine	CHEBI:16708	S1	CUI-less
stopWords	biolink:ChemicalSubstance	a	L-alanine	CHEBI:16977	S1	CUI-less
stopWords	biolink:ChemicalSubstance	a	L-alanine residue	CHEBI:46217	S1	CUI-less
stopWords	biolink:ChemicalSubstance	a	acceptor	CHEBI:15339	S1	CUI-less
stopWords	biolink:OntologyClass	a	a mating type (yeast)	PATO:0001341	S1	CUI-less
stopWords	biolink:ChemicalSubstance	a's	Ala-Ser	CHEBI:73394	S1	CUI-less
stopWords	biolink:ChemicalSubstance	s	sulfur(1+)	CHEBI:29832	S1	CUI-less
stopWords	biolink:ChemicalSubstance	s	sulfur atom	CHEBI:26833	S1	CUI-less
stopWords	biolink:ChemicalSubstance	s	L-serine residue	CHEBI:29999	S1	CUI-less
stopWords	biolink:ChemicalSubstance	s	sulfido group	CHEBI:29831	S1	CUI-less
stopWords	biolink:ChemicalSubstance	s	thioxo group	CHEBI:29833	S1	CUI-less
stopWords	biolink:ChemicalSubstance	s	sulfanediyl group	CHEBI:29830	S1	CUI-less
stopWords	biolink:ChemicalSubstance	s	strange quark	CHEBI:36368	S1	CUI-less
stopWords	biolink:ChemicalSubstance	s	polysulfur	CHEBI:17909	S1	CUI-less
stopWords	biolink:ChemicalSubstance	s	sulfide(.1-)	CHEBI:29316	S1	CUI-less
stopWords	biolink:ChemicalSubstance	s	L-serine	CHEBI:17115	S1	CUI-less
stopWords	biolink:OntologyClass	associated	associated with	PATO:0001668	S1	CUI-less
stopWords	biolink:ChemicalSubstance	at	astatine atom	CHEBI:30415	S1	CUI-less
stopWords	biolink:ChemicalSubstance	at	Ala-Thr	CHEBI:73762	S1	CUI-less
stopWords	biolink:ChemicalSubstance	at	astatine(.)	CHEBI:30416	S1	CUI-less
stopWords	biolink:ChemicalSubstance	at	astatide	CHEBI:30417	S1	CUI-less
stopWords	biolink:OntologyClass	back	back	OBO:PATO_0001901	S1	CUI-less
stopWords	biolink:OntologyClass	back	back	PATO:0001901	S1	CUI-less
stopWords	biolink:OntologyClass	backward	inverted	PATO:0000625	S1	CUI-less
stopWords	biolink:ChemicalSubstance	be	beryllium atom	CHEBI:30501	S1	CUI-less
stopWords	biolink:ChemicalSubstance	be	beryllium(1+)	CHEBI:30503	S1	CUI-less
stopWords	biolink:ChemicalSubstance	beyond	imazamox-ammonium	CHEBI:133232	S1	CUI-less
stopWords	biolink:ChemicalSubstance	can	calcium ammonium nitrate	CHEBI:91238	S1	CUI-less
stopWords	biolink:ChemicalSubstance	can	calcium(0)	CHEBI:29320	S1	CUI-less
stopWords	biolink:ChemicalSubstance	c	carbon atom	CHEBI:27594	S1	CUI-less
stopWords	biolink:ChemicalSubstance	c	methanetetrayl group	CHEBI:30039	S1	CUI-less
stopWords	biolink:ChemicalSubstance	c	carbon(1+)	CHEBI:29436	S1	CUI-less
stopWords	biolink:ChemicalSubstance	c	cytidine 5'-monophosphate residue	CHEBI:50308	S1	CUI-less
stopWords	biolink:ChemicalSubstance	c	cytidine residue	CHEBI:64656	S1	CUI-less
stopWords	biolink:ChemicalSubstance	c	L-cysteine	CHEBI:17561	S1	CUI-less
stopWords	biolink:ChemicalSubstance	c	carbide(1-)	CHEBI:29435	S1	CUI-less
stopWords	biolink:ChemicalSubstance	c	charm quark	CHEBI:36369	S1	CUI-less
stopWords	biolink:ChemicalSubstance	c	L-cysteine residue	CHEBI:29950	S1	CUI-less
stopWords	biolink:ChemicalSubstance	c	cytosine	CHEBI:16040	S1	CUI-less
stopWords	biolink:ChemicalSubstance	c	methanediylidene group	CHEBI:30040	S1	CUI-less
stopWords	biolink:ChemicalSubstance	c	cysteine	CHEBI:15356	S1	CUI-less
stopWords	biolink:ChemicalSubstance	mon	montanoyl group	CHEBI:25417	S1	CUI-less
stopWords	biolink:ChemicalSubstance	co	cobalt atom	CHEBI:27638	S1	CUI-less
stopWords	biolink:ChemicalSubstance	co	oxidocarbonate(.1-)	CHEBI:29335	S1	CUI-less
stopWords	biolink:ChemicalSubstance	co	cobalt(1+)	CHEBI:85033	S1	CUI-less
stopWords	biolink:ChemicalSubstance	co	carbon monoxide	CHEBI:17245	S1	CUI-less
stopWords	biolink:ChemicalSubstance	co	oxidocarbon(.1+)	CHEBI:29333	S1	CUI-less
stopWords	biolink:ChemicalSubstance	co co	oxalyl group	CHEBI:30870	S1	CUI-less
stopWords	biolink:ChemicalSubstance	com	coenzyme M	CHEBI:17905	S2	CUI-less
stopWords	biolink:OntologyClass	consider	consider	OIO:consider	S2	CUI-less
stopWords	biolink:OntologyClass	contains	contains	RO:0001019	S2	CUI-less
stopWords	biolink:ChemicalSubstance	t	thymidine	CHEBI:17748	S2	CUI-less
stopWords	biolink:ChemicalSubstance	t	top quark	CHEBI:36371	S2	CUI-less
stopWords	biolink:ChemicalSubstance	t	ribothymidine	CHEBI:45996	S2	CUI-less
stopWords	biolink:ChemicalSubstance	t	tritide	CHEBI:29302	S2	CUI-less
stopWords	biolink:ChemicalSubstance	t	tritium atom	CHEBI:29238	S2	CUI-less
stopWords	biolink:ChemicalSubstance	t	L-threonine	CHEBI:16857	S2	CUI-less
stopWords	biolink:ChemicalSubstance	t	L-threonine residue	CHEBI:30013	S2	CUI-less
stopWords	biolink:ChemicalSubstance	t	tritium(.)	CHEBI:29304	S2	CUI-less
stopWords	biolink:ChemicalSubstance	t	triton	CHEBI:29234	S2	CUI-less
stopWords	biolink:ChemicalSubstance	t	thymine	CHEBI:17821	S2	CUI-less
stopWords	biolink:OntologyClass	course	watercourse	ENVO:00000029	S2	CUI-less
stopWords	biolink:ChemicalSubstance	c	carbon atom	CHEBI:27594	S2	CUI-less
stopWords	biolink:ChemicalSubstance	c	methanetetrayl group	CHEBI:30039	S2	CUI-less
stopWords	biolink:ChemicalSubstance	c	carbon(1+)	CHEBI:29436	S2	CUI-less
stopWords	biolink:ChemicalSubstance	c	cytidine 5'-monophosphate residue	CHEBI:50308	S2	CUI-less
stopWords	biolink:ChemicalSubstance	c	cytidine residue	CHEBI:64656	S2	CUI-less
stopWords	biolink:ChemicalSubstance	c	L-cysteine	CHEBI:17561	S2	CUI-less
stopWords	biolink:ChemicalSubstance	c	carbide(1-)	CHEBI:29435	S2	CUI-less
stopWords	biolink:ChemicalSubstance	c	charm quark	CHEBI:36369	S2	CUI-less
stopWords	biolink:ChemicalSubstance	c	L-cysteine residue	CHEBI:29950	S2	CUI-less
stopWords	biolink:ChemicalSubstance	c	cytosine	CHEBI:16040	S2	CUI-less
stopWords	biolink:ChemicalSubstance	c	methanediylidene group	CHEBI:30040	S2	CUI-less
stopWords	biolink:ChemicalSubstance	c	cysteine	CHEBI:15356	S2	CUI-less
stopWords	biolink:ChemicalSubstance	c's	thiocarbonyl group	CHEBI:30256	S2	CUI-less
stopWords	biolink:ChemicalSubstance	c's	carbonothioylidene group	CHEBI:30257	S2	CUI-less
stopWords	biolink:ChemicalSubstance	c's	Cys-Ser	CHEBI:73462	S2	CUI-less
stopWords	biolink:ChemicalSubstance	s	sulfur(1+)	CHEBI:29832	S2	CUI-less
stopWords	biolink:ChemicalSubstance	s	sulfur atom	CHEBI:26833	S2	CUI-less
stopWords	biolink:ChemicalSubstance	s	L-serine residue	CHEBI:29999	S2	CUI-less
stopWords	biolink:ChemicalSubstance	s	sulfido group	CHEBI:29831	S2	CUI-less
stopWords	biolink:ChemicalSubstance	s	thioxo group	CHEBI:29833	S2	CUI-less
stopWords	biolink:ChemicalSubstance	s	sulfanediyl group	CHEBI:29830	S2	CUI-less
stopWords	biolink:ChemicalSubstance	s	strange quark	CHEBI:36368	S2	CUI-less
stopWords	biolink:ChemicalSubstance	s	polysulfur	CHEBI:17909	S2	CUI-less
stopWords	biolink:ChemicalSubstance	s	sulfide(.1-)	CHEBI:29316	S2	CUI-less
stopWords	biolink:ChemicalSubstance	s	L-serine	CHEBI:17115	S2	CUI-less
stopWords	biolink:ChemicalSubstance	did	dilC18(5) dye	CHEBI:52027	S2	CUI-less
stopWords	biolink:ChemicalSubstance	don	deoxynivalenol	CHEBI:10022	S2	CUI-less
stopWords	biolink:OntologyClass	down	grassland ecosystem	ENVO:01001206	S2	CUI-less
stopWords	biolink:OntologyClass	down	down	OBO:PATO_0000365	S2	CUI-less
stopWords	biolink:OntologyClass	down	down	PATO:0000365	S2	CUI-less
stopWords	biolink:ChemicalSubstance	eg	Glu-Gly	CHEBI:73505	S2	CUI-less
stopWords	biolink:ChemicalSubstance	et	ethyl	CHEBI:62801	S2	CUI-less
stopWords	biolink:ChemicalSubstance	et	ethyl group	CHEBI:37807	S2	CUI-less
stopWords	biolink:ChemicalSubstance	et	Glu-Thr	CHEBI:73510	S2	CUI-less
stopWords	biolink:OrganismalEntity	goes	Goes	NCBITaxon:376232	S2	CUI-less
stopWords	biolink:ChemicalSubstance	has	hexadehydroastechrome	CHEBI:73878	S2	CUI-less
stopWords	biolink:ChemicalSubstance	he	helium(.1+)	CHEBI:30221	S2	CUI-less
stopWords	biolink:ChemicalSubstance	he	helium(0)	CHEBI:33681	S2	CUI-less
stopWords	biolink:ChemicalSubstance	he	helium atom	CHEBI:30217	S2	CUI-less
stopWords	biolink:ChemicalSubstance	he	His-Glu	CHEBI:73928	S2	CUI-less
stopWords	biolink:ChemicalSubstance	d	deuterium(.)	CHEBI:29303	S2	CUI-less
stopWords	biolink:ChemicalSubstance	d	deuterium atom	CHEBI:29237	S2	CUI-less
stopWords	biolink:ChemicalSubstance	d	dihydrouridine	CHEBI:23774	S2	CUI-less
stopWords	biolink:ChemicalSubstance	d	aspartic acid	CHEBI:22660	S2	CUI-less
stopWords	biolink:ChemicalSubstance	d	deuteride	CHEBI:29301	S2	CUI-less
stopWords	biolink:ChemicalSubstance	d	L-aspartic acid residue	CHEBI:29958	S2	CUI-less
stopWords	biolink:ChemicalSubstance	d	L-aspartic acid	CHEBI:17053	S2	CUI-less
stopWords	biolink:ChemicalSubstance	d	down quark	CHEBI:36367	S2	CUI-less
stopWords	biolink:ChemicalSubstance	d	deuteron	CHEBI:29233	S2	CUI-less
stopWords	biolink:ChemicalSubstance	ll	Leu-D-Leu	CHEBI:74528	S2	CUI-less
stopWords	biolink:ChemicalSubstance	ll	Leu-Leu	CHEBI:73531	S2	CUI-less
stopWords	biolink:ChemicalSubstance	hi	hydrogen iodide	CHEBI:43451	S2	CUI-less
stopWords	biolink:ChemicalSubstance	hi	His-Ile	CHEBI:141437	S2	CUI-less
stopWords	biolink:ChemicalSubstance	him	1H-imidazole	CHEBI:16069	S2	CUI-less
stopWords	biolink:ChemicalSubstance	his	N(2)-L-histidino group	CHEBI:32515	S2	CUI-less
stopWords	biolink:ChemicalSubstance	his	L-histidine	CHEBI:15971	S2	CUI-less
stopWords	biolink:ChemicalSubstance	his	L-histidine residue	CHEBI:29979	S2	CUI-less
stopWords	biolink:ChemicalSubstance	his	L-histidyl group	CHEBI:32514	S2	CUI-less
stopWords	biolink:ChemicalSubstance	i	inosine	CHEBI:17596	S2	CUI-less
stopWords	biolink:ChemicalSubstance	i	IMP residue	CHEBI:76778	S2	CUI-less
stopWords	biolink:ChemicalSubstance	i	iodine(.)	CHEBI:33115	S2	CUI-less
stopWords	biolink:ChemicalSubstance	i	L-isoleucine residue	CHEBI:30009	S2	CUI-less
stopWords	biolink:ChemicalSubstance	i	iodine atom	CHEBI:24859	S2	CUI-less
stopWords	biolink:ChemicalSubstance	i	iodo group	CHEBI:43448	S2	CUI-less
stopWords	biolink:ChemicalSubstance	i	iodide	CHEBI:16382	S2	CUI-less
stopWords	biolink:ChemicalSubstance	i	L-isoleucine	CHEBI:17191	S2	CUI-less
stopWords	biolink:ChemicalSubstance	i'd	Ile-Asp	CHEBI:141439	S2	CUI-less
stopWords	biolink:ChemicalSubstance	ie	Ile-Glu	CHEBI:137259	S2	CUI-less
stopWords	biolink:ChemicalSubstance	if	Ile-Phe	CHEBI:74075	S2	CUI-less
stopWords	biolink:ChemicalSubstance	m	L-methionine residue	CHEBI:16044	S2	CUI-less
stopWords	biolink:ChemicalSubstance	m	L-methionine	CHEBI:16643	S2	CUI-less
stopWords	biolink:ChemicalSubstance	m	methionine	CHEBI:16811	S2	CUI-less
stopWords	biolink:OntologyClass	m	h minus	PATO:0001345	S2	CUI-less
stopWords	biolink:ChemicalSubstance	in	Ile-Asn	CHEBI:74063	S2	CUI-less
stopWords	biolink:ChemicalSubstance	in	indium atom	CHEBI:30430	S2	CUI-less
stopWords	biolink:ChemicalSubstance	in	indium(1+)	CHEBI:30433	S2	CUI-less
stopWords	biolink:ChemicalSubstance	is	Ile-Ser	CHEBI:74078	S3	CUI-less
stopWords	biolink:ChemicalSubstance	isn	isonicotinamide	CHEBI:6031	S3	CUI-less
stopWords	biolink:ChemicalSubstance	t	thymidine	CHEBI:17748	S3	CUI-less
stopWords	biolink:ChemicalSubstance	t	top quark	CHEBI:36371	S3	CUI-less
stopWords	biolink:ChemicalSubstance	t	ribothymidine	CHEBI:45996	S3	CUI-less
stopWords	biolink:ChemicalSubstance	t	tritide	CHEBI:29302	S3	CUI-less
stopWords	biolink:ChemicalSubstance	t	tritium atom	CHEBI:29238	S3	CUI-less
stopWords	biolink:ChemicalSubstance	t	L-threonine	CHEBI:16857	S3	CUI-less
stopWords	biolink:ChemicalSubstance	t	L-threonine residue	CHEBI:30013	S3	CUI-less
stopWords	biolink:ChemicalSubstance	t	tritium(.)	CHEBI:29304	S3	CUI-less
stopWords	biolink:ChemicalSubstance	t	triton	CHEBI:29234	S3	CUI-less
stopWords	biolink:ChemicalSubstance	t	thymine	CHEBI:17821	S3	CUI-less
stopWords	biolink:ChemicalSubstance	it	Ile-Thr	CHEBI:141441	S3	CUI-less
stopWords	biolink:ChemicalSubstance	d	deuterium(.)	CHEBI:29303	S3	CUI-less
stopWords	biolink:ChemicalSubstance	d	deuterium atom	CHEBI:29237	S3	CUI-less
stopWords	biolink:ChemicalSubstance	d	dihydrouridine	CHEBI:23774	S3	CUI-less
stopWords	biolink:ChemicalSubstance	d	aspartic acid	CHEBI:22660	S3	CUI-less
stopWords	biolink:ChemicalSubstance	d	deuteride	CHEBI:29301	S3	CUI-less
stopWords	biolink:ChemicalSubstance	d	L-aspartic acid residue	CHEBI:29958	S3	CUI-less
stopWords	biolink:ChemicalSubstance	d	L-aspartic acid	CHEBI:17053	S3	CUI-less
stopWords	biolink:ChemicalSubstance	d	down quark	CHEBI:36367	S3	CUI-less
stopWords	biolink:ChemicalSubstance	d	deuteron	CHEBI:29233	S3	CUI-less
stopWords	biolink:ChemicalSubstance	ll	Leu-D-Leu	CHEBI:74528	S3	CUI-less
stopWords	biolink:ChemicalSubstance	ll	Leu-Leu	CHEBI:73531	S3	CUI-less
stopWords	biolink:ChemicalSubstance	s	sulfur(1+)	CHEBI:29832	S3	CUI-less
stopWords	biolink:ChemicalSubstance	s	sulfur atom	CHEBI:26833	S3	CUI-less
stopWords	biolink:ChemicalSubstance	s	L-serine residue	CHEBI:29999	S3	CUI-less
stopWords	biolink:ChemicalSubstance	s	sulfido group	CHEBI:29831	S3	CUI-less
stopWords	biolink:ChemicalSubstance	s	thioxo group	CHEBI:29833	S3	CUI-less
stopWords	biolink:ChemicalSubstance	s	sulfanediyl group	CHEBI:29830	S3	CUI-less
stopWords	biolink:ChemicalSubstance	s	strange quark	CHEBI:36368	S3	CUI-less
stopWords	biolink:ChemicalSubstance	s	polysulfur	CHEBI:17909	S3	CUI-less
stopWords	biolink:ChemicalSubstance	s	sulfide(.1-)	CHEBI:29316	S3	CUI-less
stopWords	biolink:ChemicalSubstance	s	L-serine	CHEBI:17115	S3	CUI-less
stopWords	biolink:ChemicalSubstance	i	inosine	CHEBI:17596	S3	CUI-less
stopWords	biolink:ChemicalSubstance	i	IMP residue	CHEBI:76778	S3	CUI-less
stopWords	biolink:ChemicalSubstance	i	iodine(.)	CHEBI:33115	S3	CUI-less
stopWords	biolink:ChemicalSubstance	i	L-isoleucine residue	CHEBI:30009	S3	CUI-less
stopWords	biolink:ChemicalSubstance	i	iodine atom	CHEBI:24859	S3	CUI-less
stopWords	biolink:ChemicalSubstance	i	iodo group	CHEBI:43448	S3	CUI-less
stopWords	biolink:ChemicalSubstance	i	iodide	CHEBI:16382	S3	CUI-less
stopWords	biolink:ChemicalSubstance	i	L-isoleucine	CHEBI:17191	S3	CUI-less
stopWords	biolink:ChemicalSubstance	ve	Val-Glu	CHEBI:75011	S3	CUI-less
stopWords	biolink:ChemicalSubstance	k	kalide	CHEBI:29104	S3	CUI-less
stopWords	biolink:ChemicalSubstance	k	L-lysine	CHEBI:18019	S3	CUI-less
stopWords	biolink:ChemicalSubstance	k	potassium(1+)	CHEBI:29103	S3	CUI-less
stopWords	biolink:ChemicalSubstance	k	lysine	CHEBI:25094	S3	CUI-less
stopWords	biolink:ChemicalSubstance	k	L-lysine residue	CHEBI:29967	S3	CUI-less
stopWords	biolink:ChemicalSubstance	k	potassium atom	CHEBI:26216	S3	CUI-less
stopWords	biolink:ChemicalSubstance	ltd	Leu-Thr-Asp	CHEBI:73573	S3	CUI-less
stopWords	biolink:ChemicalSubstance	me	methyl group	CHEBI:32875	S3	CUI-less
stopWords	biolink:ChemicalSubstance	me	Met-Glu	CHEBI:74702	S3	CUI-less
stopWords	biolink:OntologyClass	mine	mine	ENVO:00000076	S3	CUI-less
stopWords	biolink:ChemicalSubstance	mr	Met-Arg	CHEBI:74698	S3	CUI-less
stopWords	biolink:ChemicalSubstance	my	Met-Tyr	CHEBI:73615	S3	CUI-less
stopWords	biolink:OrganismalEntity	name	Dioscorea trifida	NCBITaxon:55581	S3	CUI-less
stopWords	biolink:ChemicalSubstance	nd	Asn-Asp	CHEBI:73419	S3	CUI-less
stopWords	biolink:ChemicalSubstance	nd	neodymium atom	CHEBI:33372	S3	CUI-less
stopWords	biolink:ChemicalSubstance	no	nitric oxide	CHEBI:16480	S3	CUI-less
stopWords	biolink:ChemicalSubstance	no	nobelium	CHEBI:33396	S3	CUI-less
stopWords	biolink:ChemicalSubstance	no	oxidonitrogen(1+)	CHEBI:29120	S3	CUI-less
stopWords	biolink:ChemicalSubstance	no	oxidonitrate(1-)	CHEBI:29121	S3	CUI-less
stopWords	biolink:OrganismalEntity	none	unidentified	NCBITaxon:32644	S3	CUI-less
stopWords	biolink:ChemicalSubstance	one	(E)-4-oxonon-2-enal	CHEBI:58972	S3	CUI-less
stopWords	biolink:ChemicalSubstance	of	fluoridooxygen(1+)	CHEBI:30243	S3	CUI-less
stopWords	biolink:ChemicalSubstance	of	fluoridooxygen(.)	CHEBI:30242	S3	CUI-less
stopWords	biolink:ChemicalSubstance	of	fluorosyl group	CHEBI:30241	S3	CUI-less
stopWords	biolink:ChemicalSubstance	off	"N,N-diethyl-m-toluamide"	CHEBI:7071	S3	CUI-less
stopWords	biolink:ChemicalSubstance	oh	hydroxide	CHEBI:16234	S3	CUI-less
stopWords	biolink:ChemicalSubstance	oh	hydroxylium	CHEBI:29915	S3	CUI-less
stopWords	biolink:ChemicalSubstance	oh	hydroxy group	CHEBI:43176	S3	CUI-less
stopWords	biolink:ChemicalSubstance	oh	hydroxyl	CHEBI:29191	S3	CUI-less
stopWords	biolink:OntologyClass	old	old	OBO:PATO_0000308	S3	CUI-less
stopWords	biolink:OntologyClass	old	old	PATO:0000308	S3	CUI-less
stopWords	biolink:OntologyClass	opposite	opposite	OBO:PATO_0001933	S3	CUI-less
stopWords	biolink:OntologyClass	opposite	opposite	PATO:0001933	S3	CUI-less
stopWords	biolink:ChemicalSubstance	or	gold atom	CHEBI:29287	S3	CUI-less
stopWords	biolink:OrganismalEntity	other	unidentified	NCBITaxon:32644	S3	CUI-less
stopWords	biolink:ChemicalSubstance	qv	Gln-Val	CHEBI:141433	S3	CUI-less
stopWords	biolink:ChemicalSubstance	rd	Arg-Asp	CHEBI:73812	S3	CUI-less
stopWords	biolink:ChemicalSubstance	re	rhenium atom	CHEBI:49882	S3	CUI-less
stopWords	biolink:OntologyClass	recent	recent	PATO:0001484	S3	CUI-less
stopWords	biolink:OntologyClass	right	right	OBO:PATO_0000367	S3	CUI-less
stopWords	biolink:OntologyClass	right	right	PATO:0000367	S3	CUI-less
stopWords	biolink:OntologyClass	round	circular	OBO:PATO_0000411	S3	CUI-less
stopWords	biolink:OntologyClass	round	circular	PATO:0000411	S3	CUI-less
stopWords	biolink:OntologyClass	round	subcircular	PATO:0002397	S3	CUI-less
stopWords	biolink:ChemicalSubstance	same	S-adenosyl-L-methionine	CHEBI:15414	S3	CUI-less
stopWords	biolink:OntologyClass	second	second	UO:0000010	S3	CUI-less
stopWords	biolink:ChemicalSubstance	so	oxidosulfate(.1-)	CHEBI:29824	S3	CUI-less
stopWords	biolink:ChemicalSubstance	so	sulfur monoxide	CHEBI:45822	S3	CUI-less
stopWords	biolink:ChemicalSubstance	so	sulfinyl group	CHEBI:29822	S3	CUI-less
stopWords	biolink:ChemicalSubstance	so	oxidosulfur(.1+)	CHEBI:29823	S3	CUI-less
stopWords	biolink:ChemicalSubstance	th	Thr-His	CHEBI:73663	S3	CUI-less
stopWords	biolink:ChemicalSubstance	th	thorium	CHEBI:33385	S3	CUI-less
stopWords	biolink:OrganismalEntity	this	This	NCBITaxon:169495	S3	CUI-less
stopWords	biolink:OntologyClass	towards	towards	RO:0002503	S3	CUI-less
stopWords	biolink:OntologyClass	towards	towards	OBO:pato#towards	S3	CUI-less
stopWords	biolink:ChemicalSubstance	t's	Thr-Ser	CHEBI:73664	S3	CUI-less
stopWords	biolink:OntologyClass	up	up	OBO:PATO_0000370	S3	CUI-less
stopWords	biolink:OntologyClass	up	up	PATO:0000370	S3	CUI-less
stopWords	biolink:ChemicalSubstance	v	vanadium(1+)	CHEBI:33005	S3	CUI-less
stopWords	biolink:ChemicalSubstance	v	vanadium atom	CHEBI:27698	S3	CUI-less
stopWords	biolink:ChemicalSubstance	v	L-valine residue	CHEBI:30015	S3	CUI-less
stopWords	biolink:ChemicalSubstance	v	L-valine	CHEBI:16414	S3	CUI-less
stopWords	biolink:ChemicalSubstance	vs	Val-Ser	CHEBI:75021	S3	CUI-less
stopWords	biolink:ChemicalSubstance	we	Trp-Glu	CHEBI:74869	S3	CUI-less
stopWords	biolink:OntologyClass	well	well	ENVO:00000026	S3	CUI-less
stopWords	biolink:OntologyClass	whole	whole	PATO:0001446	S3	CUI-less
stopWords	biolink:ChemicalSubstance	a	hydrogen acceptor	CHEBI:13193	S3	CUI-less
stopWords	biolink:ChemicalSubstance	a	alanine	CHEBI:16449	S3	CUI-less
stopWords	biolink:ChemicalSubstance	a	adenosine residue	CHEBI:62885	S3	CUI-less
stopWords	biolink:ChemicalSubstance	a	adenosine 5'-monophosphate residue	CHEBI:50306	S3	CUI-less
stopWords	biolink:ChemicalSubstance	a	adenine	CHEBI:16708	S3	CUI-less
stopWords	biolink:ChemicalSubstance	a	L-alanine	CHEBI:16977	S3	CUI-less
stopWords	biolink:ChemicalSubstance	a	L-alanine residue	CHEBI:46217	S3	CUI-less
stopWords	biolink:ChemicalSubstance	a	acceptor	CHEBI:15339	S3	CUI-less
stopWords	biolink:OntologyClass	a	a mating type (yeast)	PATO:0001341	S3	CUI-less
stopWords	biolink:ChemicalSubstance	b	boron(1+)	CHEBI:30165	S3	CUI-less
stopWords	biolink:ChemicalSubstance	b	boron atom	CHEBI:27560	S3	CUI-less
stopWords	biolink:ChemicalSubstance	b	bottom quark	CHEBI:36370	S3	CUI-less
stopWords	biolink:ChemicalSubstance	b	boranetriyl group	CHEBI:30169	S3	CUI-less
stopWords	biolink:ChemicalSubstance	b	boranylidyne group	CHEBI:30170	S3	CUI-less
stopWords	biolink:ChemicalSubstance	b	boride(1-)	CHEBI:30166	S3	CUI-less
stopWords	biolink:ChemicalSubstance	c	carbon atom	CHEBI:27594	S3	CUI-less
stopWords	biolink:ChemicalSubstance	c	methanetetrayl group	CHEBI:30039	S3	CUI-less
stopWords	biolink:ChemicalSubstance	c	carbon(1+)	CHEBI:29436	S3	CUI-less
stopWords	biolink:ChemicalSubstance	c	cytidine 5'-monophosphate residue	CHEBI:50308	S3	CUI-less
stopWords	biolink:ChemicalSubstance	c	cytidine residue	CHEBI:64656	S3	CUI-less
stopWords	biolink:ChemicalSubstance	c	L-cysteine	CHEBI:17561	S3	CUI-less
stopWords	biolink:ChemicalSubstance	c	carbide(1-)	CHEBI:29435	S3	CUI-less
stopWords	biolink:ChemicalSubstance	c	charm quark	CHEBI:36369	S3	CUI-less
stopWords	biolink:ChemicalSubstance	c	L-cysteine residue	CHEBI:29950	S3	CUI-less
stopWords	biolink:ChemicalSubstance	c	cytosine	CHEBI:16040	S3	CUI-less
stopWords	biolink:ChemicalSubstance	c	methanediylidene group	CHEBI:30040	S3	CUI-less
stopWords	biolink:ChemicalSubstance	c	cysteine	CHEBI:15356	S3	CUI-less
stopWords	biolink:OntologyClass	d e	diatomite	ENVO:01000962	S3	CUI-less
stopWords	biolink:OntologyClass	d e	diatomite particle	ENVO:01000963	S3	CUI-less
stopWords	biolink:ChemicalSubstance	d e	deuterium(.)	CHEBI:29303	S3	CUI-less
stopWords	biolink:ChemicalSubstance	e	positron	CHEBI:30225	S3	CUI-less
stopWords	biolink:ChemicalSubstance	e	L-glutamic acid	CHEBI:16015	S3	CUI-less
stopWords	biolink:ChemicalSubstance	e	L-glutamic acid residue	CHEBI:29972	S3	CUI-less
stopWords	biolink:ChemicalSubstance	e	glutamic acid	CHEBI:18237	S3	CUI-less
stopWords	biolink:ChemicalSubstance	e	electron	CHEBI:10545	S3	CUI-less
stopWords	biolink:ChemicalSubstance	f	L-phenylalanine residue	CHEBI:29997	S3	CUI-less
stopWords	biolink:ChemicalSubstance	f	fluorine atom	CHEBI:24061	S3	CUI-less
stopWords	biolink:ChemicalSubstance	f	fluorine(.)	CHEBI:30239	S3	CUI-less
stopWords	biolink:ChemicalSubstance	f	fluoro group	CHEBI:42645	S3	CUI-less
stopWords	biolink:ChemicalSubstance	f	L-phenylalanine	CHEBI:17295	S3	CUI-less
stopWords	biolink:ChemicalSubstance	f	fluoride	CHEBI:17051	S3	CUI-less
stopWords	biolink:ChemicalSubstance	f	phenylalanine	CHEBI:28044	S3	CUI-less
stopWords	biolink:ChemicalSubstance	f	fluorine(1+)	CHEBI:30240	S3	CUI-less
stopWords	biolink:OntologyClass	f	F minus mating type	PATO:0001348	S3	CUI-less
stopWords	biolink:ChemicalSubstance	f g	Phe-Gly	CHEBI:73635	S3	CUI-less
stopWords	biolink:ChemicalSubstance	g	guanosine residue	CHEBI:64654	S3	CUI-less
stopWords	biolink:ChemicalSubstance	g	7-methylguanosine	CHEBI:20794	S3	CUI-less
stopWords	biolink:ChemicalSubstance	g	guanine	CHEBI:16235	S3	CUI-less
stopWords	biolink:ChemicalSubstance	g	glycine	CHEBI:15428	S3	CUI-less
stopWords	biolink:ChemicalSubstance	g	guanosine 5'-monophosphate residue	CHEBI:50324	S3	CUI-less
stopWords	biolink:ChemicalSubstance	g	archaeosine	CHEBI:73271	S3	CUI-less
stopWords	biolink:ChemicalSubstance	g	glycine residue	CHEBI:29947	S3	CUI-less
stopWords	biolink:ChemicalSubstance	g	guanosine	CHEBI:16750	S3	CUI-less
stopWords	biolink:ChemicalSubstance	g h	Gly-His	CHEBI:73515	S3	CUI-less
stopWords	biolink:ChemicalSubstance	h	helion	CHEBI:30220	S3	CUI-less
stopWords	biolink:ChemicalSubstance	h	L-histidine residue	CHEBI:29979	S3	CUI-less
stopWords	biolink:ChemicalSubstance	h	hydride	CHEBI:29239	S3	CUI-less
stopWords	biolink:ChemicalSubstance	h	hydrogen atom	CHEBI:49637	S3	CUI-less
stopWords	biolink:ChemicalSubstance	h	mu-hydrido group	CHEBI:48238	S3	CUI-less
stopWords	biolink:ChemicalSubstance	h	hydrido group	CHEBI:48237	S3	CUI-less
stopWords	biolink:ChemicalSubstance	h	hydrogen(.)	CHEBI:29235	S3	CUI-less
stopWords	biolink:ChemicalSubstance	h	L-histidine	CHEBI:15971	S3	CUI-less
stopWords	biolink:ChemicalSubstance	h	hydron	CHEBI:15378	S3	CUI-less
stopWords	biolink:OntologyClass	h	h plus	PATO:0001346	S3	CUI-less
stopWords	biolink:OntologyClass	h	h minus	PATO:0001345	S3	CUI-less
stopWords	biolink:ChemicalSubstance	j	iodine atom	CHEBI:24859	S3	CUI-less
stopWords	biolink:ChemicalSubstance	l	L-leucine residue	CHEBI:30006	S3	CUI-less
stopWords	biolink:ChemicalSubstance	l	L-leucine	CHEBI:15603	S3	CUI-less
stopWords	biolink:ChemicalSubstance	l	leucine	CHEBI:25017	S3	CUI-less
stopWords	biolink:ChemicalSubstance	l m	Leu-Met	CHEBI:73584	S3	CUI-less
stopWords	biolink:ChemicalSubstance	m	L-methionine residue	CHEBI:16044	S3	CUI-less
stopWords	biolink:ChemicalSubstance	m	L-methionine	CHEBI:16643	S3	CUI-less
stopWords	biolink:ChemicalSubstance	m	methionine	CHEBI:16811	S3	CUI-less
stopWords	biolink:OntologyClass	m	h minus	PATO:0001345	S3	CUI-less
stopWords	biolink:ChemicalSubstance	m n	Met-Asn	CHEBI:141442	S3	CUI-less
stopWords	biolink:ChemicalSubstance	n	azanylylidene group	CHEBI:30229	S3	CUI-less
stopWords	biolink:ChemicalSubstance	n	lysidine zwitterion	CHEBI:64326	S3	CUI-less
stopWords	biolink:ChemicalSubstance	n	L-asparagine	CHEBI:17196	S3	CUI-less
stopWords	biolink:ChemicalSubstance	n	canonical ribonucleoside residue	CHEBI:33792	S3	CUI-less
stopWords	biolink:ChemicalSubstance	n	azanylidyne group	CHEBI:30230	S3	CUI-less
stopWords	biolink:ChemicalSubstance	n	nitrogen(.)	CHEBI:29351	S3	CUI-less
stopWords	biolink:ChemicalSubstance	n	nitrogen(1+)	CHEBI:29352	S3	CUI-less
stopWords	biolink:ChemicalSubstance	n	neutron	CHEBI:30222	S3	CUI-less
stopWords	biolink:ChemicalSubstance	n	asparagine	CHEBI:22653	S3	CUI-less
stopWords	biolink:ChemicalSubstance	n	azanidylidene group	CHEBI:30226	S3	CUI-less
stopWords	biolink:ChemicalSubstance	n	nitrogen atom	CHEBI:25555	S3	CUI-less
stopWords	biolink:ChemicalSubstance	n	L-asparagine residue	CHEBI:50347	S3	CUI-less
stopWords	biolink:ChemicalSubstance	n	azanetriyl group	CHEBI:30228	S3	CUI-less
stopWords	biolink:ChemicalSubstance	n o	nitroso group	CHEBI:35801	S3	CUI-less
stopWords	biolink:ChemicalSubstance	o	oxido group	CHEBI:29355	S3	CUI-less
stopWords	biolink:ChemicalSubstance	o	oxygen atom	CHEBI:25805	S3	CUI-less
stopWords	biolink:ChemicalSubstance	o	oxo group	CHEBI:46629	S3	CUI-less
stopWords	biolink:ChemicalSubstance	o	oxy group	CHEBI:29354	S3	CUI-less
stopWords	biolink:ChemicalSubstance	p	L-proline	CHEBI:17203	S3	CUI-less
stopWords	biolink:ChemicalSubstance	p	phosphanetriyl group	CHEBI:30206	S3	CUI-less
stopWords	biolink:ChemicalSubstance	p	proton	CHEBI:24636	S3	CUI-less
stopWords	biolink:ChemicalSubstance	p	phosphorus atom	CHEBI:28659	S3	CUI-less
stopWords	biolink:ChemicalSubstance	p	phosphorus(1+)	CHEBI:33467	S3	CUI-less
stopWords	biolink:ChemicalSubstance	p	phosphorus(.)	CHEBI:30207	S3	CUI-less
stopWords	biolink:ChemicalSubstance	p	phosphide(3-)	CHEBI:33468	S3	CUI-less
stopWords	biolink:ChemicalSubstance	p	pseudouridine	CHEBI:17802	S3	CUI-less
stopWords	biolink:ChemicalSubstance	p	phosphide(1-)	CHEBI:33469	S3	CUI-less
stopWords	biolink:ChemicalSubstance	p	L-proline residue	CHEBI:50342	S3	CUI-less
stopWords	biolink:OntologyClass	p	h plus	PATO:0001346	S3	CUI-less
stopWords	biolink:ChemicalSubstance	q	L-glutamine	CHEBI:18050	S3	CUI-less
stopWords	biolink:ChemicalSubstance	q	queuosine	CHEBI:60193	S3	CUI-less
stopWords	biolink:ChemicalSubstance	q	coenzyme Q10	CHEBI:46245	S3	CUI-less
stopWords	biolink:ChemicalSubstance	q	L-glutamine residue	CHEBI:30011	S3	CUI-less
stopWords	biolink:ChemicalSubstance	q	ubiquinones	CHEBI:16389	S3	CUI-less
stopWords	biolink:ChemicalSubstance	r	L-arginine	CHEBI:16467	S3	CUI-less
stopWords	biolink:ChemicalSubstance	r	R	CHEBI:8735	S3	CUI-less
stopWords	biolink:ChemicalSubstance	r	L-arginine residue	CHEBI:29952	S3	CUI-less
stopWords	biolink:ChemicalSubstance	s t	Ser-Thr	CHEBI:141393	S3	CUI-less
stopWords	biolink:ChemicalSubstance	u	uridine 5'-monophosphate residue	CHEBI:46470	S3	CUI-less
stopWords	biolink:ChemicalSubstance	u	L-selenocysteine residue	CHEBI:30000	S3	CUI-less
stopWords	biolink:ChemicalSubstance	u	uranium atom	CHEBI:27214	S3	CUI-less
stopWords	biolink:ChemicalSubstance	u	uridine	CHEBI:16704	S3	CUI-less
stopWords	biolink:ChemicalSubstance	u	uracil	CHEBI:17568	S3	CUI-less
stopWords	biolink:ChemicalSubstance	u	up quark	CHEBI:36366	S3	CUI-less
stopWords	biolink:ChemicalSubstance	w	L-tryptophan residue	CHEBI:29954	S3	CUI-less
stopWords	biolink:ChemicalSubstance	w	tryptophan	CHEBI:27897	S3	CUI-less
stopWords	biolink:ChemicalSubstance	w	tungsten	CHEBI:27998	S3	CUI-less
stopWords	biolink:ChemicalSubstance	w	L-tryptophan	CHEBI:16828	S3	CUI-less
stopWords	biolink:OntologyClass	w	work	PATO:0001026	S3	CUI-less
stopWords	biolink:ChemicalSubstance	y	L-tyrosine	CHEBI:17895	S3	CUI-less
stopWords	biolink:ChemicalSubstance	y	L-tyrosine residue	CHEBI:46858	S3	CUI-less
stopWords	biolink:ChemicalSubstance	y	yttrium atom	CHEBI:33331	S3	CUI-less
stopWords	biolink:ChemicalSubstance	y	tyrosine	CHEBI:18186	S3	CUI-less
stopWords	biolink:ChemicalSubstance	z	6-aminohexanoic acid	CHEBI:16586	S3	CUI-less
stopWords	biolink:ChemicalSubstance	z	benzyloxycarbonyl group	CHEBI:51097	S3	CUI-less
stopWords	biolink:OntologyClass	amount	amount	OBO:PATO_0000070	S3	CUI-less
stopWords	biolink:OntologyClass	amount	amount	PATO:0000070	S3	CUI-less
stopWords	biolink:OntologyClass	bottom	submerged bed	ENVO:00000501	S3	CUI-less
stopWords	biolink:ChemicalSubstance	de	Asp-Glu	CHEBI:73828	S3	CUI-less
stopWords	biolink:OntologyClass	fire	fire	ENVO:01000786	S3	CUI-less
stopWords	biolink:OntologyClass	front	front	OBO:PATO_0001900	S3	CUI-less
stopWords	biolink:OntologyClass	front	front	PATO:0001900	S3	CUI-less
stopWords	biolink:OntologyClass	side	slope	ENVO:00002000	S3	CUI-less
stopWords	biolink:AnatomicalEntity	system	anatomical system	UBERON:0000467	S3	CUI-less
stopWords	biolink:OntologyClass	system	system	RO:0002577	S3	CUI-less
stopWords	biolink:ChemicalSubstance	ten	triethylamine	CHEBI:35026	S3	CUI-less
stopWords	biolink:ChemicalSubstance	ten	pentaerythritol tetranitrate	CHEBI:25879	S3	CUI-less
stopWords	biolink:OntologyClass	thick	increased thickness	OBO:PATO_0000591	S3	CUI-less
stopWords	biolink:OntologyClass	thick	increased thickness	PATO:0000591	S3	CUI-less
stopWords	biolink:OntologyClass	thin	decreased thickness	OBO:PATO_0000592	S3	CUI-less
stopWords	biolink:OntologyClass	thin	decreased thickness	PATO:0000592	S3	CUI-less
stopWords	biolink:OntologyClass	affects	causally upstream of or within	RO:0002418	S3	CUI-less
stopWords	biolink:OntologyClass	affects	acts upstream of or within	RO:0002264	S3	CUI-less
stopWords	biolink:ChemicalSubstance	ah	Ala-His	CHEBI:73771	S3	CUI-less
stopWords	biolink:ChemicalSubstance	ca	calcium atom	CHEBI:22984	S3	CUI-less
stopWords	biolink:ChemicalSubstance	ca	calcium(1+)	CHEBI:39099	S3	CUI-less
stopWords	biolink:ChemicalSubstance	ed	Glu-Asp	CHEBI:73503	S3	CUI-less
stopWords	biolink:ChemicalSubstance	et	ethyl	CHEBI:62801	S3	CUI-less
stopWords	biolink:ChemicalSubstance	et	ethyl group	CHEBI:37807	S3	CUI-less
stopWords	biolink:ChemicalSubstance	et	Glu-Thr	CHEBI:73510	S3	CUI-less
stopWords	biolink:ChemicalSubstance	al	Ala-Leu	CHEBI:73770	S3	CUI-less
stopWords	biolink:ChemicalSubstance	al	aluminium(1+)	CHEBI:30150	S3	CUI-less
stopWords	biolink:ChemicalSubstance	al	aluminium atom	CHEBI:28984	S3	CUI-less
stopWords	biolink:ChemicalSubstance	al	D-Ala-Leu	CHEBI:73838	S3	CUI-less
stopWords	biolink:ChemicalSubstance	al	aluminide(1-)	CHEBI:30151	S3	CUI-less
stopWords	biolink:ChemicalSubstance	ff	Phe-Phe	CHEBI:72723	S3	CUI-less
stopWords	biolink:ChemicalSubstance	home	HOME	CHEBI:75830	S3	CUI-less
stopWords	biolink:ChemicalSubstance	id	Ile-Asp	CHEBI:141439	S3	CUI-less
stopWords	biolink:AnatomicalEntity	im	intermediate mesoderm	UBERON:0003064	S3	CUI-less
stopWords	biolink:ChemicalSubstance	im	Ile-Met	CHEBI:74073	S3	CUI-less
stopWords	biolink:ChemicalSubstance	im	imidazolide	CHEBI:30366	S3	CUI-less
stopWords	biolink:ChemicalSubstance	kg	Lys-Gly	CHEBI:73604	S3	CUI-less
stopWords	biolink:ChemicalSubstance	km	Lys-Met	CHEBI:74566	S3	CUI-less
stopWords	biolink:ChemicalSubstance	mg	Met-Gly	CHEBI:73611	S3	CUI-less
stopWords	biolink:ChemicalSubstance	mg	magnesium atom	CHEBI:25107	S3	CUI-less
stopWords	biolink:ChemicalSubstance	ml	Met-Leu	CHEBI:74705	S3	CUI-less
stopWords	biolink:ChemicalSubstance	na	natride	CHEBI:29102	S3	CUI-less
stopWords	biolink:ChemicalSubstance	na	sodium atom	CHEBI:26708	S3	CUI-less
stopWords	biolink:ChemicalSubstance	na	sodium(1+)	CHEBI:29101	S3	CUI-less
stopWords	biolink:ChemicalSubstance	na	nucleic acid	CHEBI:33696	S3	CUI-less
stopWords	biolink:ChemicalSubstance	pp	propionyl group	CHEBI:26294	S3	CUI-less
stopWords	biolink:ChemicalSubstance	pp	poly(propylene)	CHEBI:53550	S3	CUI-less
stopWords	biolink:ChemicalSubstance	pp	Pro-Pro	CHEBI:73646	S3	CUI-less
stopWords	biolink:OntologyClass	present	present	PATO:0000467	S3	CUI-less
stopWords	biolink:OntologyClass	run	watercourse	ENVO:00000029	S3	CUI-less
stopWords	biolink:ChemicalSubstance	sec	L-selenocysteinate residue	CHEBI:30003	S3	CUI-less
stopWords	biolink:ChemicalSubstance	sec	L-selenocysteine residue	CHEBI:30000	S3	CUI-less
stopWords	biolink:ChemicalSubstance	sec	L-selenocysteinyl group	CHEBI:32745	S3	CUI-less
stopWords	biolink:ChemicalSubstance	sec	L-selenocysteino group	CHEBI:32746	S3	CUI-less
stopWords	biolink:OrganismalEntity	section	section	NCBITaxon:section	S3	CUI-less
stopWords	biolink:OntologyClass	state	national geopolitical entity	ENVO:00000009	S3	CUI-less
stopWords	biolink:OntologyClass	thou	thou	UO:0010012	S3	CUI-less
stopWords	biolink:ChemicalSubstance	ts	Thr-Ser	CHEBI:73664	S3	CUI-less